Student Name,Trainer
Lavesh Gurjar,Deep Sir
Divesh Soni,Deep Sir
Aryan Sharma,Deep Sir
Varun Gahlot,Deep Sir
Harsh Pradhan,Deep Sir
Priyanka Sharma,Deep Sir
Punit Soni,Deep Sir
Apoorva Navin,Deep Sir
Chhaya Jangid,Deep Sir
Aakansha Saxena,Deep Sir
Sahil Jain,Deep Sir
Sachin Sahu,Deep Sir
Rajveer Bumraha,Deep Sir
Rahul Kumawat,Ganeshu Sharma
Ankit Kumawat,Ganeshu Sharma
Abhay Jangir,Ganeshu Sharma
Jitendra Jangir,Ganeshu Sharma
Rahul Kumawat,Ganeshu Sharma
Tej Pratap,Ganeshu Sharma
Mukul Kumawat,Ganeshu Sharma
Chesta Garg,Ganeshu Sharma
Atul Garg,Ganeshu Sharma
